{
      "generator": {
        "type": "advancedrocketry:planetary_noise",
        "seed": 0,
        "starts": ["advancedrocketry:crater", "advancedrocketry:volcano"],
        "dimension_props": "planet:planet-80",
        "biome_source": {
		
		
		"altitude_noise": {"firstOctave": -7,"amplitudes": [1.0,1.0]},
		"humidity_noise": {"firstOctave": -7,"amplitudes": [1.0,1.0]},
		"temperature_noise": {"firstOctave": -7,"amplitudes": [1.0,1.0]},
		"weirdness_noise": {"firstOctave": -7,"amplitudes": [1.0,1.0]},
		
		
          "type": "advancedrocketry:planetary",
          "seed": 0,
          "biomes": [
	    {
              "biome": "minecraft:hotdry",
              "parameters": {
                "altitude": 0.30650806,
		"humidity": 0.0,
                "temperature": 0.9,				
                "weirdness": 0.01,
                "offset": 0
              }
            },
	    {
              "biome": "minecraft:volcanic",
              "parameters": {
                "altitude": 0.4057547,
		"humidity": 0.0,
                "temperature": 1.0,				
                "weirdness": 0.09,
                "offset": 0
              }
            },
	    {
              "biome": "minecraft:volcanic_barren",
              "parameters": {
                "altitude": 0.016404748,
		"humidity": 0.0,
                "temperature": 1.0,				
                "weirdness": 0.09,
                "offset": 0
              }
            }
          ]
        },
    "settings": {
      "name": "planet:planet-80",
      "bedrock_roof_position": -10,
      "bedrock_floor_position": 0,
      "sea_level": 63,
      "disable_mob_generation": false,
      "default_block": {
        "Name": "minecraft:stone"
      },
      "default_fluid": {
        "Name": "minecraft:lava",
        "Properties": {
          "level": "0"
        }
      },
      "noise": {
        "density_factor": 1,
        "density_offset": -0.46875,
        "simplex_surface_noise": true,
        "random_density_offset": true,
        "island_noise_override": false,
        "amplified": false,
        "size_horizontal": 1,
        "size_vertical": 2,
        "height": 256,
        "sampling": {
          "xz_scale": 1,
          "y_scale": 1,
          "xz_factor": 80,
          "y_factor": 160
        },
        "bottom_slide": {
          "target": -30,
          "size": 0,
          "offset": 0
        },
        "top_slide": {
          "target": -10,
          "size": 3,
          "offset": 0
        }
      },
      "structures": {
        "structures": {
	          "advancedrocketry:crater": {
	            "spacing": 40.0,
	            "separation": 20.0,
	            "salt": 0
	          },
	          "advancedrocketry:volcano": {
	            "spacing": 40.0,
	            "separation": 20.0,
	            "salt": 0
	          }        }
      }
    }
      },
      "type": "advancedrocketry:planet"
    }