{"stats":{"minecraft:dropped":{"minecraft:stick":11},"minecraft:custom":{"minecraft:time_since_rest":8904,"minecraft:sprint_one_cm":54267,"minecraft:damage_absorbed":40,"minecraft:damage_taken":1393,"minecraft:walk_one_cm":25388,"minecraft:drop":1,"minecraft:damage_dealt":10,"minecraft:talked_to_villager":1,"minecraft:swim_one_cm":368,"minecraft:interact_with_crafting_table":3,"minecraft:fly_one_cm":117424,"minecraft:open_chest":1,"minecraft:crouch_one_cm":46,"minecraft:play_time":18942,"minecraft:deaths":4,"minecraft:sneak_time":197,"minecraft:walk_under_water_one_cm":786,"minecraft:jump":413,"minecraft:leave_game":1,"minecraft:time_since_death":8876,"minecraft:walk_on_water_one_cm":2763,"minecraft:sleep_in_bed":1,"minecraft:total_world_time":18942,"minecraft:fall_one_cm":17319},"minecraft:crafted":{"minecraft:crafting_table":2,"minecraft:wooden_pickaxe":1,"minecraft:stone_pickaxe":1,"minecraft:acacia_planks":32,"minecraft:bread":12,"minecraft:wheat":36},"minecraft:picked_up":{"minecraft:stick":27,"minecraft:raw_iron":7,"minecraft:torch":1,"minecraft:acacia_log":8,"minecraft:wheat_seeds":4,"minecraft:hay_block":4,"minecraft:sugar_cane":6,"minecraft:oak_planks":6,"minecraft:cobblestone":3,"minecraft:egg":1},"minecraft:killed_by":{"minecraft:iron_golem":1,"minecraft:zombie":1},"minecraft:mined":{"minecraft:hay_block":4,"minecraft:glass_pane":1,"minecraft:iron_ore":7,"minecraft:wheat":1,"minecraft:grass":3,"minecraft:acacia_log":8,"minecraft:dead_bush":32,"minecraft:stone":3,"minecraft:oak_planks":6,"minecraft:sugar_cane":3},"minecraft:used":{"minecraft:bread":3,"minecraft:stone_pickaxe":7,"mcwfurnitures:stripped_dark_oak_bookshelf":5,"minecraft:wooden_pickaxe":3,"mcwfurnitures:stripped_dark_oak_chair":2,"minecraft:totem_of_undying":1,"minecraft:torch":1,"mcwfurnitures:stripped_dark_oak_desk":1,"minecraft:crafting_table":2,"minecraft:acacia_planks":27}},"DataVersion":3465}