{"stats":{"minecraft:killed_by":{"tconstruct:sky_slime":1},"minecraft:mined":{"farmersdelight:wild_beetroots":2,"farmersdelight:wild_cabbages":12,"minecraft:sugar_cane":3},"minecraft:picked_up":{"minecraft:sugar_cane":8,"minecraft:beetroot_seeds":2,"farmersdelight:cabbage_seeds":10,"farmersdelight:cabbage":3},"minecraft:custom":{"minecraft:jump":45,"minecraft:time_since_rest":4906,"minecraft:play_one_minute":5247,"minecraft:sprint_one_cm":2556,"minecraft:deaths":1,"minecraft:damage_taken":240,"minecraft:time_since_death":3834,"minecraft:walk_one_cm":6838,"minecraft:drop":2,"minecraft:fall_one_cm":1045,"minecraft:fly_one_cm":13131},"minecraft:dropped":{"minecraft:beetroot_seeds":2,"farmersdelight:cabbage_seeds":10}},"DataVersion":2586}