{"stats":{"minecraft:dropped":{"minecraft:stick":11},"minecraft:custom":{"minecraft:time_since_rest":2,"minecraft:sprint_one_cm":68895,"minecraft:damage_absorbed":40,"minecraft:damage_taken":2197,"minecraft:walk_one_cm":35819,"minecraft:mob_kills":17,"minecraft:drop":1,"minecraft:damage_dealt":20,"minecraft:talked_to_villager":1,"minecraft:swim_one_cm":368,"minecraft:interact_with_crafting_table":5,"minecraft:fly_one_cm":123084,"minecraft:open_chest":2,"minecraft:crouch_one_cm":137,"minecraft:play_time":24934,"minecraft:deaths":7,"minecraft:bell_ring":6,"minecraft:sneak_time":287,"minecraft:walk_under_water_one_cm":786,"minecraft:jump":434,"minecraft:leave_game":1,"minecraft:time_since_death":0,"minecraft:walk_on_water_one_cm":3220,"minecraft:sleep_in_bed":1,"minecraft:total_world_time":24934,"minecraft:fall_one_cm":17741},"minecraft:crafted":{"minecraft:crafting_table":2,"minecraft:wooden_pickaxe":1,"minecraft:stone_pickaxe":1,"minecraft:furnace":1,"minecraft:acacia_planks":32,"minecraft:stone_axe":1,"minecraft:bread":12,"minecraft:wheat":36},"minecraft:picked_up":{"minecraft:stick":27,"minecraft:raw_iron":8,"minecraft:wheat":9,"minecraft:torch":2,"minecraft:acacia_log":8,"minecraft:wheat_seeds":26,"minecraft:hay_block":4,"minecraft:sugar_cane":6,"minecraft:oak_planks":6,"minecraft:cobblestone":14,"minecraft:egg":1},"minecraft:killed_by":{"minecraft:iron_golem":2,"minecraft:player":1,"minecraft:zombie":1},"minecraft:killed":{"minecraft:chicken":2,"minecraft:salmon":8,"minecraft:player":1,"minecraft:squid":1,"minecraft:villager":2,"minecraft:creeper":2,"minecraft:cow":2},"minecraft:mined":{"minecraft:hay_block":4,"minecraft:glass_pane":1,"minecraft:iron_ore":8,"minecraft:wheat":10,"minecraft:grass":3,"minecraft:acacia_log":8,"minecraft:dead_bush":32,"minecraft:stone":14,"minecraft:oak_planks":6,"minecraft:sugar_cane":3,"minecraft:wall_torch":1},"minecraft:used":{"mcwfurnitures:oak_chair":1,"mcwlights:white_lamp":1,"minecraft:bread":4,"minecraft:stone_pickaxe":19,"mcwfurnitures:stripped_dark_oak_bookshelf":5,"minecraft:wooden_pickaxe":3,"mcwfurnitures:stripped_dark_oak_chair":3,"minecraft:totem_of_undying":1,"minecraft:torch":2,"minecraft:bow":1,"mcwfurnitures:stripped_dark_oak_desk":1,"minecraft:crafting_table":2,"minecraft:acacia_planks":67}},"DataVersion":3465}